School,Level,Access to,County,Activity Regions,Counselor Email,Dashboard Link,Inspire Email
Almond-Bancroft High School,High School,Full Service,PORTAGE,"Portage, Waupaca, Waushara, Marathon","jbecker@abschools.k12.wi.us, dchapa@abschools.k12.wi.us",https://www.formstack.com/admin/submission/report/41273755?share=k92CSg4k6D,Inspire@waupacaareachamber.com
Almond-Bancroft Middle School,Middle School,Full Service,PORTAGE,"Portage, Waupaca, Waushara, Marathon","jbecker@abschools.k12.wi.us, dchapa@abschools.k12.wi.us",https://www.formstack.com/admin/submission/report/41273755?share=k92CSg4k6D,Inspire@waupacaareachamber.com
Antigo High School,High School,Full Service ,LANGLADE,"Langlade, Lincoln, Marathon, Oneida, Shawano",marlen@antigoschools.com,https://www.formstack.com/admin/submission/report/36334131?share=bp2JRHi9Jb,"bholbrook@cesa9.org, vbrooks@cesa9.org"
Antigo Middle School,Middle School,Full Service ,LANGLADE,"Langlade, Lincoln, Marathon, Oneida, Shawano",marlen@antigoschools.com,https://www.formstack.com/admin/submission/report/36334131?share=bp2JRHi9Jb,"bholbrook@cesa9.org, vbrooks@cesa9.org"
Arrowhead UHS School District,"High School, Middle School",M7-Educator,Waukesha,Waukesha,,https://www.formstack.com/admin/submission/report/43877934?share=K3VhwOr0Rs,inspirem7@cesa1.k12.wi.us
Beaver Dam High School,High School,Full Service,DODGE,"Brown, Calumet, Columbia, Dodge, Fond Du Lac, Green Lake, Manitowoc, Outagamie, Ozaukee, Sheboygan, Washington, Winnebago",,https://www.formstack.com/admin/submission/report/30331086?share=fOFOD8POBa,"rdroesslermersch@cesa6.org, mstolp@cesa6.org"
Beaver Dam Middle School,Middle School,Virtual,DODGE,,,https://www.formstack.com/admin/submission/report/30331086?share=fOFOD8POBa,"rdroesslermersch@cesa6.org, mstolp@cesa6.org"
Berlin High School,High School,Full Service,Green Lake,"Fond du Lac, Green Lake, Waushara, Winnebago",,https://www.formstack.com/admin/submission/report/43585463?share=XvQsTa2bHB,"mstolp@cesa6.org, rdroesslermersch@cesa6.org"
Big Foot UHS School District,"High School, Middle School",M7-Educator,Walworth,Walworth,,https://www.formstack.com/admin/submission/report/43877951?share=YjzUuKigPt,inspirem7@cesa1.k12.wi.us
Bonduel High School,High School,Virtual,,,pleshbev@bonduel.k12.wi.us,,"bholbrook@cesa9.org, vbrooks@cesa9.org"
Bowler High School,High School,Virtual,,,abbybehnke@bowler.k12.wi.us,https://www.formstack.com/admin/submission/report/36334132?share=FyRI1AKpSf,"bholbrook@cesa9.org, vbrooks@cesa9.org"
Brown Deer School District,"High School, Middle School",M7-Educator,Milwaukee,Milwaukee,,https://www.formstack.com/admin/submission/report/43877963?share=vnL0B1vTKi,inspirem7@cesa1.k12.wi.us
Burlington Area School District,"High School, Middle School",M7-Educator,Walworth,Walworth,,https://www.formstack.com/admin/submission/report/43877963?share=vnL0B1vTKi,inspirem7@cesa1.k12.wi.us
Campbellsport High School,High School,Full Service,FOND DU LAC,"Brown, Calumet, Columbia, Dodge, Fond Du Lac, Green Lake, Manitowoc, Outagamie, Ozaukee, Sheboygan, Washington, Winnebago",KGravelle@csd.k12.wi.us,https://www.formstack.com/admin/submission/report/30332486?share=MZKIOnpa26,"rdroesslermersch@cesa6.org, mstolp@cesa6.org"
Campbellsport Middle School,Middle School,Virtual,FOND DU LAC,,,https://www.formstack.com/admin/submission/report/30332486?share=MZKIOnpa26,"rdroesslermersch@cesa6.org, mstolp@cesa6.org"
Cedar Grove Belgium High School,High School,Full Service,SHEBOYGAN,"Sheboygan, Ozaukee",msmillie@cgbrockets.com,https://www.formstack.com/admin/submission/report/30332644?share=QwxSa2Yn1O,mmotiska@inspiresheboygancounty.org
Cedar Grove Belgium Middle School,Middle School,Full Service,SHEBOYGAN,"Sheboygan, Ozaukee",bsmittkamp@cgbrockets.com,https://www.formstack.com/admin/submission/report/30332644?share=QwxSa2Yn1O,mmotiska@inspiresheboygancounty.org
Cedarburg School District,"High School, Middle School",M7-Educator,Ozaukee M7,Ozaukee M7,,https://www.formstack.com/admin/submission/report/43877965?share=BBTP5xKsys,inspirem7@cesa1.k12.wi.us
Central High School,High School,Full Service,SHEBOYGAN,Sheboygan,aberlin@centralhs.org,https://www.formstack.com/admin/submission/report/30332864?share=kI3K0ljhbw,mmotiska@inspiresheboygancounty.org
Central/Westosha UHS School District,"High School, Middle School",M7-Educator,Kenosha,Kenosha,,https://www.formstack.com/admin/submission/report/43877966?share=7H7rQEDGWy,inspirem7@cesa1.k12.wi.us
Change Academy,High School,Full Service,SHEBOYGAN,Sheboygan,kpeterson@sasd.net,https://www.formstack.com/admin/submission/report/30332865?share=6c4dPYe91y,mmotiska@inspiresheboygancounty.org
Chilton High School,High School,Full Service,CALUMET,"Brown, Calumet, Dodge, Fond Du Lac, Green Lake, Manitowoc, Outagamie, Ozaukee, Sheboygan, Washington, Winnebago",,https://www.formstack.com/admin/submission/report/30332852?share=6s4utL7Qe3,"mstolp@cesa6.org, cpavelski@cesa6.org"
Chilton Middle School,Middle School,Virtual,CALUMET,,,https://www.formstack.com/admin/submission/report/30332852?share=6s4utL7Qe3,"mstolp@cesa6.org, cpavelski@cesa6.org"
Clintonville High School,High School,Full Service,WAUPACA,"Waupaca, Shawano, Outagamie","tkuhn@clintonville.k12.wi.us, phuettner@clintonville.k12.wi.us",https://www.formstack.com/admin/submission/report/39910841?share=vJwkkXo3T6,Inspire@waupacaareachamber.com
Clintonville Middle School,Middle School,Full Service,WAUPACA,"Waupaca, Shawano, Outagamie","tkuhn@clintonville.k12.wi.us, phuettner@clintonville.k12.wi.us",https://www.formstack.com/admin/submission/report/39910841?share=vJwkkXo3T6,Inspire@waupacaareachamber.com
Coleman High School,High School,Virtual,,,kmayer@coleman.k12.wi.us,https://www.formstack.com/admin/submission/report/36334145?share=LuQOcefkP2,"bholbrook@cesa9.org, vbrooks@cesa9.org"
Cudahy School District,"High School, Middle School",M7-Educator,Milwaukee,Milwaukee,,https://www.formstack.com/admin/submission/report/43877978?share=WNnBM3vBs7,inspirem7@cesa1.k12.wi.us
Delavan Darien School District,"High School, Middle School",M7-Educator,Walworth,Walworth,,https://www.formstack.com/admin/submission/report/43878023?share=S2lxXogIFg,inspirem7@cesa1.k12.wi.us
Denmark High School,High School,Full Service,MANITOWOC,"Brown, Calumet, Dodge, Fond Du Lac, Green Lake, Manitowoc, Outagamie, Ozaukee, Sheboygan, Washington, Winnebago",,https://www.formstack.com/admin/submission/report/36999497?share=vzWkuhepNv,mstolp@cesa6.org
Dodgeland High School,High School,Full Service,DODGE,"Brown, Calumet, Columbia, Dodge, Fond Du Lac, Green Lake, Manitowoc, Outagamie, Ozaukee, Sheboygan, Washington, Winnebago",,https://www.formstack.com/admin/submission/report/30332910?share=xtfADHJG3r,"rdroesslermersch@cesa6.org, mstolp@cesa6.org"
Dodgeland Middle School,Middle School,Virtual,DODGE,,,https://www.formstack.com/admin/submission/report/30332910?share=xtfADHJG3r,"rdroesslermersch@cesa6.org, mstolp@cesa6.org"
East Troy Community School District,"High School, Middle School",M7-Educator,Walworth,Walworth,,https://www.formstack.com/admin/submission/report/43878035?share=4ywkstz1oE,inspirem7@cesa1.k12.wi.us
Elkhart Lake Glenbeulah High School,High School,Full Service,SHEBOYGAN,"Calumet, Sheboygan, Fond du Lac, ",mbunyea@goresorters.com,https://www.formstack.com/admin/submission/report/30332933?share=NtuSiG7K5x,mmotiska@inspiresheboygancounty.org
Elkhart Lake Glenbeulah Middle School,Middle School,Full Service,SHEBOYGAN,"Calumet, Sheboygan",jshanahan@goresorters.com,https://www.formstack.com/admin/submission/report/30332933?share=NtuSiG7K5x,mmotiska@inspiresheboygancounty.org
Elkhorn Area School District,"High School, Middle School",M7-Educator,Walworth,Walworth,,https://www.formstack.com/admin/submission/report/43878047?share=OUxt4ByPcP,inspirem7@cesa1.k12.wi.us
Elmbrook School District,"High School, Middle School",M7-Educator,Waukesha,Waukesha,,https://www.formstack.com/admin/submission/report/43878059?share=e2bHvKUORJ,inspirem7@cesa1.k12.wi.us
Escuela Verde,"High School, Middle School",M7-Educator,Milwaukee,Milwaukee,,https://www.formstack.com/admin/submission/report/43878060?share=UNBpIBVuOi,inspirem7@cesa1.k12.wi.us
Étude High School,High School,Full Service,SHEBOYGAN,Sheboygan,ckissinger@etudegroup.org,https://www.formstack.com/admin/submission/report/30332717?share=qwW915u1uT,mmotiska@inspiresheboygancounty.org
Étude Middle School,Middle School,Full Service,SHEBOYGAN,Sheboygan,,https://www.formstack.com/admin/submission/report/30332717?share=qwW915u1uT,mmotiska@inspiresheboygancounty.org
Farnsworth Middle School - Sheboygan,Middle School,Full Service,SHEBOYGAN,Sheboygan,jwetzel@sasd.net,https://www.formstack.com/admin/submission/report/30333013?share=8h7e6cMOa0,mmotiska@inspiresheboygancounty.org
Florence High School,High School,Virtual,,,feuerhammerm@myflorence.org,https://www.formstack.com/admin/submission/report/36334157?share=60RXYQ6jlT,"bholbrook@cesa9.org, vbrooks@cesa9.org"
Fond du Lac High School,High School,Full Service,FOND DU LAC,"Brown, Calumet, Columbia, Dodge, Fond Du Lac, Green Lake, Manitowoc, Outagamie, Ozaukee, Sheboygan, Washington, Winnebago","krugt@fonddulac.k12.wi.us,odekirkan@fonddulac.k12.wi.us,michalkiewiczt@fonddulac.k12.wi.us",https://www.formstack.com/admin/submission/report/30333036?share=jVxIeKwJ3O,"mstolp@cesa6.org, rdroesslermersch@cesa6.org"
Fox Point J2 School District,Middle School,M7-Educator,Milwaukee,Milwaukee,,https://www.formstack.com/admin/submission/report/43878072?share=LpHsStTmxK,inspirem7@cesa1.k12.wi.us
Fox Valley Lutheran High School,High School,Full Service,OUTAGAMIE,"Brown, Calumet, Dodge, Fond Du Lac, Green Lake, Manitowoc, Outagamie, Ozaukee, Sheboygan, Washington, Winnebago",,https://www.formstack.com/admin/submission/report/38607593?share=AiZBsUBPZF,"cpavelski@cesa6.org, mstolp@cesa6.org"
Franklin Public School District,"High School, Middle School",M7-Educator,Milwaukee,Milwaukee,,https://www.formstack.com/admin/submission/report/43878073?share=lxvX1Cnywk,inspirem7@cesa1.k12.wi.us
Freedom High School ,High School,Full Service,OUTAGAMIE,"Brown, Calumet, Dodge, Fond Du Lac, Green Lake, Manitowoc, Outagamie, Ozaukee, Sheboygan, Washington, Winnebago",,https://www.formstack.com/admin/submission/report/36999462?share=egWgQbke7y,"mstolp@cesa6.org, cpavelski@cesa6.org"
George D. Warriner High School,High School,Full Service,SHEBOYGAN,Sheboygan,jmaramonte@warrinerschools.org,https://www.formstack.com/admin/submission/report/30332818?share=y3vXqAMgHH,mmotiska@inspiresheboygancounty.org
George D. Warriner Middle School - Sheboygan,Middle School,Full Service,SHEBOYGAN,Sheboygan,jmaramonte@warrinerschools.org,https://www.formstack.com/admin/submission/report/30332818?share=y3vXqAMgHH,mmotiska@inspiresheboygancounty.org
Germantown School District,"High School, Middle School",M7-Educator,Washington M7,Washington M7,,https://www.formstack.com/admin/submission/report/43878074?share=ab7Mo01289,inspirem7@cesa1.k12.wi.us
Glendale-River Hills School District,Middle School,M7-Educator,Milwaukee,Milwaukee,,https://www.formstack.com/admin/submission/report/43878086?share=gFLMpBurPU,inspirem7@cesa1.k12.wi.us
Goodman High School,High School,Virtual,,,abraaten@goodman.k12.wi.us,https://www.formstack.com/admin/submission/report/36334169?share=dd0iQAq2Qt,"bholbrook@cesa9.org, vbrooks@cesa9.org"
Grafton School District,"High School, Middle School",M7-Educator,Ozaukee M7,Ozaukee M7,,https://www.formstack.com/admin/submission/report/43878087?share=paEnpT2zrB,inspirem7@cesa1.k12.wi.us
Greendale School District,"High School, Middle School",M7-Educator,Milwaukee,Milwaukee,,https://www.formstack.com/admin/submission/report/43878088?share=pY6B8YS4WT,inspirem7@cesa1.k12.wi.us
Greenfield School District,"High School, Middle School",M7-Educator,Milwaukee,Milwaukee,,https://www.formstack.com/admin/submission/report/43878089?share=AZeJzHKXaz,inspirem7@cesa1.k12.wi.us
Greenville Middle School - Hortonville,Middle School,Virtual,OUTAGAMIE,,,https://www.formstack.com/admin/submission/report/30333073?share=bCPsWtxu1i,"mstolp@cesa6.org, cpavelski@cesa6.org"
Gresham High School,High School,Virtual,,,laginas@gresham.k12.wi.us,https://www.formstack.com/admin/submission/report/36334181?share=n87nRBpaqa,"bholbrook@cesa9.org, vbrooks@cesa9.org"
Hamilton School District,"High School, Middle School",M7-Educator,Waukesha,Waukesha,,https://www.formstack.com/admin/submission/report/43878090?share=CTmPk0WLyC,inspirem7@cesa1.k12.wi.us
Hartford UHS School District,"High School, Middle School",M7-Educator,Washington M7,Washington M7,,https://www.formstack.com/admin/submission/report/43878091?share=NwSZFoQya9,inspirem7@cesa1.k12.wi.us
Hartland-Lakeside J3 School District,Middle School,M7-Educator,Waukesha,Waukesha,,https://www.formstack.com/admin/submission/report/43878092?share=9HBm0WpFGS,inspirem7@cesa1.k12.wi.us
Hilbert High School,High School,Full Service,CALUMET,"Brown, Calumet, Dodge, Fond Du Lac, Green Lake, Manitowoc, Outagamie, Ozaukee, Sheboygan, Washington, Winnebago",,https://www.formstack.com/admin/submission/report/30333108?share=ZhXpe5siMW,"mstolp@cesa6.org, cpavelski@cesa6.org"
Hilbert Middle School,Middle School,Virtual,CALUMET,,,https://www.formstack.com/admin/submission/report/30333108?share=ZhXpe5siMW,"mstolp@cesa6.org, cpavelski@cesa6.org"
Horace Mann Middle School - Sheboygan,Middle School,Full Service,SHEBOYGAN,Sheboygan,"cthoele@sasd.net, rzenk@sasd.net",https://www.formstack.com/admin/submission/report/30333013?share=8h7e6cMOa0,mmotiska@inspiresheboygancounty.org
Horace Mann Middle School - Wausau,Middle School,Full Service ,MARATHON,"Langlade, Lincoln, Marathon, Oneida, Shawano","jrauscher@wausauschools.org,jwinter@wausauschools.org ",https://www.formstack.com/admin/submission/report/36334233?share=iZcKqfE7fC,"bholbrook@cesa9.org, vbrooks@cesa9.org"
Horicon High School,High School,Full Service,Dodge,"Brown, Calumet, Columbia, Dodge, Fond Du Lac, Green Lake, Manitowoc, Outagamie, Ozaukee, Sheboygan, Washington, Winnebago",,https://www.formstack.com/admin/submission/report/36999773?share=RWNDTo67p3,"rdroesslermersch@cesa6.org, mstolp@cesa6.org"
Hortonville High School,High School,Full Service,OUTAGAMIE,"Brown, Calumet, Dodge, Fond Du Lac, Green Lake, Manitowoc, Outagamie, Ozaukee, Sheboygan, Washington, Winnebago",,https://www.formstack.com/admin/submission/report/30333073?share=bCPsWtxu1i,"mstolp@cesa6.org, cpavelski@cesa6.org"
Hortonville Middle School,Middle School,Virtual,OUTAGAMIE,,,https://www.formstack.com/admin/submission/report/30333073?share=bCPsWtxu1i,"mstolp@cesa6.org, cpavelski@cesa6.org"
Howards Grove High School,High School,Full Service,SHEBOYGAN,"Sheboygan, Manitowoc",kneave@hgsd.k12.wi.us,https://www.formstack.com/admin/submission/report/30333232?share=wAXo5uO1MY,mmotiska@inspiresheboygancounty.org
Howards Grove Middle School,Middle School,Full Service,SHEBOYGAN,"Sheboygan, Manitowoc",jluecke@hgsd.k12.wi.us,https://www.formstack.com/admin/submission/report/30333232?share=wAXo5uO1MY,mmotiska@inspiresheboygancounty.org
Iola-Scandinavia High School,High School,Full Service,WAUPACA,"Waupaca,Outagamie,Marathon,Shawano,Portage",,https://www.formstack.com/admin/submission/report/38165845?share=DlxUPA7Zr5,Inspire@waupacaareachamber.com
Iola-Scandinavia Middle School,Middle School,Full Service,WAUPACA,"Waupaca,Outagamie,Marathon,Shawano,Portage",,https://www.formstack.com/admin/submission/report/38165845?share=DlxUPA7Zr5,Inspire@waupacaareachamber.com
James Williams Middle School - Rhinelander,Middle School,Full Service,ONEIDA,"Langlade, Lincoln, Marathon, Oneida",allenale@rhinelander.k12.wi.us,https://www.formstack.com/admin/submission/report/30333244?share=sXVIS7YHun,"bholbrook@cesa9.org, vbrooks@cesa9.org"
John Muir Middle School - Wausau,Middle School,Full Service ,MARATHON,"Langlade, Lincoln, Marathon, Oneida, Shawano","jrauscher@wausauschools.org,jwinter@wausauschools.org ",https://www.formstack.com/admin/submission/report/36334233?share=iZcKqfE7fC,"bholbrook@cesa9.org, vbrooks@cesa9.org"
Kaukauna High School,High School,Full Service,OUTAGAMIE,"Brown, Calumet, Dodge, Fond Du Lac, Green Lake, Manitowoc, Outagamie, Ozaukee, Sheboygan, Washington, Winnebago",fischerw@kaukaunasd.org,https://www.formstack.com/admin/submission/report/30333278?share=4WCd3VHbVH,"cpavelski@cesa6.org, mstolp@cesa6.org"
Kenosha School District,"High School, Middle School",M7-Educator,Kenosha,Kenosha,,https://www.formstack.com/admin/submission/report/43878093?share=bWaAiHDQjj,inspirem7@cesa1.k12.wi.us
Kettle Moraine School District,"High School, Middle School",M7-Educator,Waukesha,Waukesha,,https://www.formstack.com/admin/submission/report/43878099?share=rl9obus6EF,inspirem7@cesa1.k12.wi.us
Kewaskum School District,"High School, Middle School",M7-Educator,Washington M7,Washington M7,,https://www.formstack.com/admin/submission/report/43878100?share=vFFPyYPBzE,inspirem7@cesa1.k12.wi.us
Kiel High School,High School,Full Service,SHEBOYGAN,"Calumet, Manitowoc, Sheboygan","haprill@kiel.k12.wi.us, cvajgrt@kiel.k12.wi.us",https://www.formstack.com/admin/submission/report/30333335?share=teJocwFUXg,mmotiska@inspiresheboygancounty.org
Kiel Middle School,Middle School,Full Service,SHEBOYGAN,"Calumet, Manitowoc, Sheboygan",mkautzer@kiel.k12.wi.us,https://www.formstack.com/admin/submission/report/30333335?share=teJocwFUXg,mmotiska@inspiresheboygancounty.org
Kohler High School,High School,Full Service,SHEBOYGAN,Sheboygan,nachreinerc@kohler.k12.wi.us ,https://www.formstack.com/admin/submission/report/30333336?share=qldEN6bb0F,mmotiska@inspiresheboygancounty.org
Kohler Middle School,Middle School,Full Service,SHEBOYGAN,Sheboygan,oconnorm@kohler.k12.wi.us ,https://www.formstack.com/admin/submission/report/30333336?share=qldEN6bb0F,mmotiska@inspiresheboygancounty.org
L.B. Clarke Middle School - Two Rivers,Middle School,Virtual,MANITOWOC,,,https://www.formstack.com/admin/submission/report/30333338?share=Tu71tjF1e1,mstolp@cesa6.org
Lake Country Academy,Middle School,Full Service,SHEBOYGAN,Sheboygan,,,mmotiska@inspiresheboygancounty.org
Lake Country School District,Middle School,M7-Educator,Waukesha,Waukesha,,https://www.formstack.com/admin/submission/report/43878101?share=lSA9HCMiDC,inspirem7@cesa1.k12.wi.us
Lake Geneva Genoa City UHS school,"High School, Middle School",M7-Educator,Walworth,Walworth,,https://www.formstack.com/admin/submission/report/43878102?share=4kNwUo8qW5,inspirem7@cesa1.k12.wi.us
Lakeland University,College/Post-Secondary,Full Service,SHEBOYGAN,"Sheboygan, Manitowoc, Calumet, Ozaukee",,https://www.formstack.com/admin/submission/report/30333361?share=7n8N32MVbC,mmotiska@inspiresheboygancounty.org
Lena High School,High School,Virtual,,,jahnkee@lenak12.org,https://www.formstack.com/admin/submission/report/36334234?share=M2W1pVLAaw,"bholbrook@cesa9.org, vbrooks@cesa9.org"
Lincoln High School - Manitowoc,High School,Full Service,MANITOWOC,"Brown, Calumet, Dodge, Fond Du Lac, Green Lake, Manitowoc, Outagamie, Ozaukee, Sheboygan, Washington, Winnebago",schooltowork@mpsd.school,https://www.formstack.com/admin/submission/report/30333362?share=SEjunzjZF2,"jschwoerer@cesa6.org, mstolp@cesa6.org"
Little Chute Career Pathways Academy,High School,Full Service,OUTAGAMIE,"Brown, Calumet, Dodge, Fond Du Lac, Green Lake, Manitowoc, Outagamie, Ozaukee, Sheboygan, Washington, Winnebago",,https://www.formstack.com/admin/submission/report/30333426?share=ImAPHhPawD,"mstolp@cesa6.org, cpavelski@cesa6.org"
Little Chute Flex Academy,Middle School,Virtual,OUTAGAMIE,,,https://www.formstack.com/admin/submission/report/30333426?share=ImAPHhPawD,"mstolp@cesa6.org, cpavelski@cesa6.org"
Little Chute High School,High School,Full Service,OUTAGAMIE,"Brown, Calumet, Dodge, Fond Du Lac, Green Lake, Manitowoc, Outagamie, Ozaukee, Sheboygan, Washington, Winnebago",,https://www.formstack.com/admin/submission/report/30333426?share=ImAPHhPawD,"mstolp@cesa6.org, cpavelski@cesa6.org"
Little Chute Middle School,Middle School,Virtual,OUTAGAMIE,,,https://www.formstack.com/admin/submission/report/30333426?share=ImAPHhPawD,"mstolp@cesa6.org, cpavelski@cesa6.org"
Little Wolf High School,High School,Full Service,WAUPACA,"Waupaca, Shawano, Outagamie, Portage","mjohnson@manawaschools.org, scordes@manawaschools.org",https://www.formstack.com/admin/submission/report/40353382?share=3FZlOION2x,Inspire@waupacaareachamber.com
Lomira High School,High School,Full Service,DODGE,"Brown, Calumet, Columbia, Dodge, Fond Du Lac, Green Lake, Manitowoc, Outagamie, Ozaukee, Sheboygan, Washington, Winnebago",,https://www.formstack.com/admin/submission/report/30363304?share=ftXfknFZAv,"mstolp@cesa6.org, rdroesslermersch@cesa6.org"
Lomira Middle School,Middle School,Virtual,DODGE,,,https://www.formstack.com/admin/submission/report/30363304?share=ftXfknFZAv,"mstolp@cesa6.org, rdroesslermersch@cesa6.org"
LTC,College/Post-Secondary,Full Service,SHEBOYGAN,"Sheboygan, Manitowoc, Calumet, Ozaukee",,https://www.formstack.com/admin/submission/report/30333427?share=futGFnXELK,mmotiska@inspiresheboygancounty.org
Manawa Middle School,Middle School,Full Service,WAUPACA,"Waupaca, Shawano, Outagamie, Portage",mjohnson@manawaschools.org,https://www.formstack.com/admin/submission/report/40353382?share=3FZlOION2x,Inspire@waupacaareachamber.com
Maple Dale-Indian Hill School District,Middle School,M7-Educator,Milwaukee,Milwaukee,,https://www.formstack.com/admin/submission/report/43878114?share=I0HjGjd4vo,inspirem7@cesa1.k12.wi.us
Maplewood Middle School - Menasha,Middle School,Virtual,WINNEBAGO,,,https://www.formstack.com/admin/submission/report/30333440?share=jfWp7Q1vyU,"mstolp@cesa6.org, cpavelski@cesa6.org"
Marinette High School,High School,Virtual,,,dklein@marinette.k12.wi.us,https://www.formstack.com/admin/submission/report/36334257?share=uiTkx1GWOa,"bholbrook@cesa9.org, vbrooks@cesa9.org"
Markesan High School,High School,Full Service,GREEN LAKE,"Brown, Calumet, Dodge, Fond Du Lac, Green Lake, Manitowoc, Outagamie, Ozaukee, Sheboygan, Washington, Winnebago",,https://www.formstack.com/admin/submission/report/30333452?share=OsvFhOZkjt,"rdroesslermersch@cesa6.org, mstolp@cesa6.org"
Markesan Middle School,Middle School,Virtual,GREEN LAKE,,,https://www.formstack.com/admin/submission/report/30333452?share=OsvFhOZkjt,"rdroesslermersch@cesa6.org, mstolp@cesa6.org"
Mayville High School,High School,Full Service,Dodge,"Brown, Calumet, Columbia, Dodge, Fond Du Lac, Green Lake, Manitowoc, Outagamie, Ozaukee, Sheboygan, Washington, Winnebago",,https://www.formstack.com/admin/submission/report/36999916?share=4I28l3Nuz7,"rdroesslermersch@cesa6.org, mstolp@cesa6.org"
McKinley Academy - Manitowoc,High School,Full Service,MANITOWOC,"Brown, Calumet, Dodge, Fond Du Lac, Green Lake, Manitowoc, Outagamie, Ozaukee, Sheboygan, Washington, Winnebago",hollya@mpsd.school,https://www.formstack.com/admin/submission/report/36686921?share=gYWw3Qa3jF,mstolp@cesa6.org
Menasha High School,High School,Full Service,WINNEBAGO,"Brown, Calumet, Dodge, Fond Du Lac, Green Lake, Manitowoc, Outagamie, Ozaukee, Sheboygan, Washington, Winnebago",,https://www.formstack.com/admin/submission/report/30333440?share=jfWp7Q1vyU,"mstolp@cesa6.org, cpavelski@cesa6.org"
Menomonee Falls School District,"High School, Middle School",M7-Educator,Waukesha,Waukesha,,https://www.formstack.com/admin/submission/report/43878126?share=j7bHAIVUfM,inspirem7@cesa1.k12.wi.us
Mequon Thiensville School District,"High School, Middle School",M7-Educator,Ozaukee M7,Ozaukee M7,,https://www.formstack.com/admin/submission/report/43878127?share=hyvAXSksQD,inspirem7@cesa1.k12.wi.us
Merton Community School District,Middle School,M7-Educator,Waukesha,Waukesha,,https://www.formstack.com/admin/submission/report/43878150?share=i5fLywrFqs,inspirem7@cesa1.k12.wi.us
Milwaukee Academy of Science,"High School, Middle School",M7-Educator,Milwaukee,Milwaukee,,https://www.formstack.com/admin/submission/report/43878151?share=ni8bw2QKDR,inspirem7@cesa1.k12.wi.us
Milwaukee Collegiate Academy,"High School, Middle School",M7-Educator,Milwaukee,Milwaukee,,https://www.formstack.com/admin/submission/report/43878153?share=AiZig6Ov59,inspirem7@cesa1.k12.wi.us
Milwaukee School District,"High School, Middle School",M7-Educator,MPS,"MPS, Milwaukee",,https://www.formstack.com/admin/submission/report/43878187?share=DwdtpKTx9c,inspirem7@cesa1.k12.wi.us
Mukwonago School District,"High School, Middle School",M7-Educator,Waukesha,Waukesha,,https://www.formstack.com/admin/submission/report/43878188?share=HzuYikedA3,inspirem7@cesa1.k12.wi.us
Muskego Norway School District,"High School, Middle School",M7-Educator,Waukesha,Waukesha,,https://www.formstack.com/admin/submission/report/43878189?share=5Yheee3ubs,inspirem7@cesa1.k12.wi.us
New Berlin School District,"High School, Middle School",M7-Educator,Waukesha,Waukesha,,https://www.formstack.com/admin/submission/report/43878201?share=VTCc7hsCs8,inspirem7@cesa1.k12.wi.us
New Holstein High School,High School,Full Service,CALUMET,"Brown, Calumet, Dodge, Fond Du Lac, Green Lake, Manitowoc, Outagamie, Ozaukee, Sheboygan, Washington, Winnebago","oschad@nhsd.k12.wi.us, bzoelle@nhsd.k12.wi.us ",https://www.formstack.com/admin/submission/report/30333465?share=53o0NRon1Q,"mstolp@cesa6.org, cpavelski@cesa6.org"
New Holstein Middle School,Middle School,Virtual,CALUMET,,,https://www.formstack.com/admin/submission/report/30333465?share=53o0NRon1Q,"mstolp@cesa6.org, cpavelski@cesa6.org"
New London High School,High School,Full Service,WAUPACA,"Waupaca,Outagamie,Winnebago","byerkey@newlondon.k12.wi.us,rschussl@newlondon.k12.wi.us,bmarquar@newlondon.k12.wi.us,cflander@newlondon.k12.wi.us",https://www.formstack.com/admin/submission/report/37749186?share=uQfVANDoNR,Inspire@waupacaareachamber.com
New London Middle School,Middle School,Full Service,WAUPACA,"Waupaca,Outagamie,Winnebago","apinch@newlondon.k12.wi.us,treynoso@newlondon.k12.wi.us,wberglund@newlondon.k12.wi.us,mdickrel@newlondon.k12.wi.us",https://www.formstack.com/admin/submission/report/37749186?share=uQfVANDoNR,Inspire@waupacaareachamber.com
Niagara High School,High School,Virtual,,,spetschar@niagara.k12.wi.us,https://www.formstack.com/admin/submission/report/36334263?share=SWhxoqOMqv,"bholbrook@cesa9.org, vbrooks@cesa9.org"
Nicolet UHS School District,"High School, Middle School",M7-Educator,Milwaukee,Milwaukee,,https://www.formstack.com/admin/submission/report/43878213?share=5PvSWbYCpr,inspirem7@cesa1.k12.wi.us
Norris School District,"High School, Middle School",M7-Educator,Waukesha,Waukesha,,https://www.formstack.com/admin/submission/report/43878214?share=7x4Swz7X0n,inspirem7@cesa1.k12.wi.us
North Fond du Lac (Horace Mann),High School,Full Service,Fond du Lac,"Brown, Calumet, Columbia, Dodge, Fond Du Lac, Green Lake, Manitowoc, Outagamie, Ozaukee, Sheboygan, Washington, Winnebago",,https://www.formstack.com/admin/submission/report/36999917?share=WLnMpABHtz,"mstolp@cesa6.org, rdroesslermersch@cesa6.org"
North Lake School District,Middle School,M7-Educator,Waukesha,Waukesha,,https://www.formstack.com/admin/submission/report/43878215?share=Jyu3iZ4FFm,inspirem7@cesa1.k12.wi.us
Northeastern Wisconsin Lutheran High School (NEW Lutheran High School) ,High School,Full Service,BROWN,"Brown, Calumet, Dodge, Fond Du Lac, Green Lake, Manitowoc, Outagamie, Ozaukee, Sheboygan, Washington, Winnebago",,https://www.formstack.com/admin/submission/report/36999930?share=kiqRdKtJJ0,mstolp@cesa6.org
Northern Ozaukee High School,High School,Full Service,OZAUKEE,"Sheboygan, Ozaukee, Washington, Washington M7, Ozaukee M7",agremminger@nosd.edu,https://www.formstack.com/admin/submission/report/30333573?share=06TMKIVHl3,mmotiska@inspiresheboygancounty.org
Northern Ozaukee Middle School,Middle School,Full Service,OZAUKEE,"Sheboygan, Ozaukee, Washington",agremminger@nosd.edu,https://www.formstack.com/admin/submission/report/30333573?share=06TMKIVHl3,mmotiska@inspiresheboygancounty.org
Oak Creek Franklin School District,"High School, Middle School",M7-Educator,Milwaukee,Milwaukee,,https://www.formstack.com/admin/submission/report/43878216?share=XbtnYIzkzN,inspirem7@cesa1.k12.wi.us
Oakfield High School ,High School,Full Service,FOND DU LAC,"Brown, Calumet, Columbia, Dodge, Fond Du Lac, Green Lake, Manitowoc, Outagamie, Ozaukee, Sheboygan, Washington, Winnebago",,https://www.formstack.com/admin/submission/report/37000036?share=6Mc1TQo0a1,"mstolp@cesa6.org, rdroesslermersch@cesa6.org"
Oconomowoc Area School District,"High School, Middle School",M7-Educator,Waukesha,Waukesha,,https://www.formstack.com/admin/submission/report/43878217?share=QY6xu7VD6l,inspirem7@cesa1.k12.wi.us
Oconto Falls High School,High School,Virtual,,,michael.michalski@of-ps.org,https://www.formstack.com/admin/submission/report/36334287?share=hPBgTw7FOl,"bholbrook@cesa9.org, vbrooks@cesa9.org"
Oconto High School,High School,Virtual,,,rex.wachtel@oconto.k12.wi.us ,https://www.formstack.com/admin/submission/report/36334264?share=L3SMDInVm2,"bholbrook@cesa9.org, vbrooks@cesa9.org"
Omro High School,High School,Full Service,WINNEBAGO,"Brown, Calumet, Dodge, Fond Du Lac, Green Lake, Manitowoc, Outagamie, Ozaukee, Sheboygan, Washington, Winnebago",,https://www.formstack.com/admin/submission/report/30333574?share=dRaYUvMy2r,"mstolp@cesa6.org, rdroesslermersch@cesa6.org"
Omro Middle School,Middle School,Virtual,WINNEBAGO,,,https://www.formstack.com/admin/submission/report/30333574?share=dRaYUvMy2r,"mstolp@cesa6.org, rdroesslermersch@cesa6.org"
Oostburg High School,High School,Full Service,SHEBOYGAN,"Sheboygan, Ozaukee",maggie.stielow@oostburg.k12.wi.us,https://www.formstack.com/admin/submission/report/30333586?share=GYxcek4ef9,mmotiska@inspiresheboygancounty.org
Oostburg Middle School,Middle School,Full Service,SHEBOYGAN,"Sheboygan, Ozaukee",,https://www.formstack.com/admin/submission/report/30333586?share=GYxcek4ef9,mmotiska@inspiresheboygancounty.org
Other,"High School, Middle School, College/Post-Secondary",Virtual,,,,,mmotiska@inspiresheboygancounty.org
Pacelli Catholic High School,High School,Full Service,PORTAGE,"Marathon, Portage, Waupaca","ltheiss@pacellicatholicschools.com, kauer@pacellicatholicschools.com",https://www.formstack.com/admin/submission/report/42896765?share=EhJ2RoTAQW,inspire@waupacaareachamber.com
Peshtigo High School,High School,Virtual,,,fishere@peshtigo.k12.wi.us,https://www.formstack.com/admin/submission/report/36334299?share=esTTRciLe1,"bholbrook@cesa9.org, vbrooks@cesa9.org"
Pewaukee School District,"High School, Middle School",M7-Educator,Waukesha,Waukesha,,https://www.formstack.com/admin/submission/report/43878218?share=8FzbXHU3FW,inspirem7@cesa1.k12.wi.us
Plymouth High School,High School,Full Service,SHEBOYGAN,"Sheboygan, Calumet, Ozaukee",,https://www.formstack.com/admin/submission/report/30333588?share=8PmOkWWKEr,mmotiska@inspiresheboygancounty.org
Port Washington High School,High School,Full Service,OZAUKEE,"Sheboygan, Ozaukee, Washington, Washington M7, Ozaukee M7","diana.pasten@pwssd.k12.wi.us,jacob.mason@pwssd.k12.wi.us ",https://www.formstack.com/admin/submission/report/30333589?share=Ao2xY9pNR3,mmotiska@inspiresheboygancounty.org
Racine School District,"High School, Middle School",M7-Educator,Racine,Racine,,https://www.formstack.com/admin/submission/report/43878219?share=Qbj4NdkA1q,inspirem7@cesa1.k12.wi.us
Random Lake High School,High School,Full Service,SHEBOYGAN,"Sheboygan, Ozaukee, Washington",jfrias@rladvantage.org,https://www.formstack.com/admin/submission/report/30333612?share=T2I9rNezqX,mmotiska@inspiresheboygancounty.org
Random Lake Middle School,Middle School,Full Service,SHEBOYGAN,"Sheboygan, Ozaukee, Washington",progers@rladvantage.org,https://www.formstack.com/admin/submission/report/30333612?share=T2I9rNezqX,mmotiska@inspiresheboygancounty.org
Rhinelander High School,High School,Full Service,ONEIDA,"Langlade, Lincoln, Marathon, Oneida",allenale@rhinelander.k12.wi.us,https://www.formstack.com/admin/submission/report/30333244?share=sXVIS7YHun,"bholbrook@cesa9.org, vbrooks@cesa9.org"
Richmond School District,Middle School,M7-Educator,Waukesha,Waukesha,,https://www.formstack.com/admin/submission/report/43878220?share=PWvazhOouH,inspirem7@cesa1.k12.wi.us
Ripon High School,High School,Full Service,Fond du Lac,"Brown, Calumet, Columbia, Dodge, Fond Du Lac, Green Lake, Manitowoc, Outagamie, Ozaukee, Sheboygan, Washington, Winnebago",,https://www.formstack.com/admin/submission/report/37000081?share=NxvJ7Z8wLN,"mstolp@cesa6.org, rdroesslermersch@cesa6.org"
River View Middle School - Kaukauna,Middle School,Virtual,OUTAGAMIE,,,https://www.formstack.com/admin/submission/report/30333278?share=4WCd3VHbVH,"cpavelski@cesa6.org, mstolp@cesa6.org"
Riverview Middle School - Plymouth,Middle School,Full Service,SHEBOYGAN,"Sheboygan, Calumet",,https://www.formstack.com/admin/submission/report/30333588?share=8PmOkWWKEr,mmotiska@inspiresheboygancounty.org
Roncalli High School,High School,Full Service,MANITOWOC,"Brown, Calumet, Dodge, Fond Du Lac, Green Lake, Manitowoc, Outagamie, Ozaukee, Sheboygan, Washington, Winnebago",,https://www.formstack.com/admin/submission/report/30333636?share=l0sa3N9zwg,"jschwoerer@cesa6.org, mstolp@cesa6.org"
Rosendale-Brandon (Laconia High School),High School,Full Service,FOND DU LAC,"Brown, Calumet, Columbia, Dodge, Fond Du Lac, Green Lake, Manitowoc, Outagamie, Ozaukee, Sheboygan, Washington, Winnebago",,https://www.formstack.com/admin/submission/report/37000093?share=7rZDgHTZ7l,"mstolp@cesa6.org, rdroesslermersch@cesa6.org"
Saint Francis School District,"High School, Middle School",M7-Educator,Milwaukee,Milwaukee,,https://www.formstack.com/admin/submission/report/43878221?share=lXu6fxp6ij,inspirem7@cesa1.k12.wi.us
"Seeds of Health, Inc","High School, Middle School",M7-Educator,Milwaukee,Milwaukee,,https://www.formstack.com/admin/submission/report/43878233?share=y6Iwtn7XtO,inspirem7@cesa1.k12.wi.us
Seymour High School,High School,Full Service,OUTAGAMIE,"Brown, Calumet, Dodge, Fond Du Lac, Green Lake, Manitowoc, Outagamie, Ozaukee, Sheboygan, Washington, Winnebago",,https://www.formstack.com/admin/submission/report/36334086?share=kuYKOrjbTL,"cpavelski@cesa6.org, mstolp@cesa6.org"
Seymour Middle School,Middle School,Virtual,OUTAGAMIE,,,https://www.formstack.com/admin/submission/report/36334086?share=kuYKOrjbTL,"cpavelski@cesa6.org, mstolp@cesa6.org"
Sheboygan Christian,High School,Full Service,SHEBOYGAN,Sheboygan,jenna.ege@sheboyganchristian.com,https://www.formstack.com/admin/submission/report/30333637?share=KPVr3lBF37,mmotiska@inspiresheboygancounty.org
Sheboygan Falls High School,High School,Full Service,SHEBOYGAN,Sheboygan,,https://www.formstack.com/admin/submission/report/30333660?share=XjVJl0OExM,mmotiska@inspiresheboygancounty.org
Sheboygan Falls Middle School,Middle School,Full Service,SHEBOYGAN,Sheboygan,,https://www.formstack.com/admin/submission/report/30333660?share=XjVJl0OExM,mmotiska@inspiresheboygancounty.org
Sheboygan Leadership Academy,Middle School,Full Service,SHEBOYGAN,Sheboygan,,,mmotiska@inspiresheboygancounty.org
Sheboygan North High School,High School,Full Service,SHEBOYGAN,Sheboygan,,https://www.formstack.com/admin/submission/report/30333661?share=hkAgMhjk8v,mmotiska@inspiresheboygancounty.org
Sheboygan South High School,High School,Full Service,SHEBOYGAN,Sheboygan,,https://www.formstack.com/admin/submission/report/30333662?share=V0nCo8nw7F,mmotiska@inspiresheboygancounty.org
Shorewood School District,"High School, Middle School",M7-Educator,Milwaukee,Milwaukee,,https://www.formstack.com/admin/submission/report/43878234?share=LJ5MXx0glX,inspirem7@cesa1.k12.wi.us
Slinger School District,"High School, Middle School",M7-Educator,Washington M7,Washington M7,,https://www.formstack.com/admin/submission/report/43878235?share=TkThBJOYZV,inspirem7@cesa1.k12.wi.us
South Milwaukee School District,"High School, Middle School",M7-Educator,Milwaukee,Milwaukee,,https://www.formstack.com/admin/submission/report/43878247?share=guIVqPyvGY,inspirem7@cesa1.k12.wi.us
St. John the Baptist - Plymouth,Middle School,Full Service,SHEBOYGAN,Sheboygan,mcalkins@sjbplymouth.org,https://www.formstack.com/admin/submission/report/39829738?share=h6205AOpO1,mmotiska@inspiresheboygancounty.org
St. Lawrence Seminary High School,High School,Full Service,FOND DU LAC ,"Brown, Calumet, Columbia, Dodge, Fond Du Lac, Green Lake, Manitowoc, Outagamie, Ozaukee, Sheboygan, Washington, Winnebago",mstielow@stlawrence.edu,https://www.formstack.com/admin/submission/report/38442452?share=q0t2XHoEt3,"mstolp@cesa6.org, rdroesslermersch@cesa6.org"
Stockbridge High School,High School,Full Service,CALUMET,"Brown, Calumet, Dodge, Fond Du Lac, Green Lake, Manitowoc, Outagamie, Ozaukee, Sheboygan, Washington, Winnebago",,https://www.formstack.com/admin/submission/report/30333721?share=VvE9bO3qE6,"mstolp@cesa6.org, cpavelski@cesa6.org"
Stockbridge Middle School,Middle School,Virtual,CALUMET,,,https://www.formstack.com/admin/submission/report/30333721?share=VvE9bO3qE6,"mstolp@cesa6.org, cpavelski@cesa6.org"
Stone Bank School District,Middle School,M7-Educator,Waukesha,Waukesha,,https://www.formstack.com/admin/submission/report/43878248?share=wjz6Vl8sfH,inspirem7@cesa1.k12.wi.us
Suring High School,High School,Virtual,,,brigkr@suringk12.org,https://www.formstack.com/admin/submission/report/36334311?share=4quhm1tHWI,"bholbrook@cesa9.org, vbrooks@cesa9.org"
Swallow School District,Middle School,M7-Educator,Waukesha,Waukesha,,https://www.formstack.com/admin/submission/report/43878260?share=xfp2hSUWi1,inspirem7@cesa1.k12.wi.us
Test High School,High School,Full Service,CALUMET,"Calumet, Dodge, Fond Du Lac, Green Lake, Langlade, Lincoln, Marathon, Manitowoc, Oneida, Outagamie, Ozaukee, Portage, Shawano, Sheboygan, Taylor, Vilas, Washington, Waupaca, Waushara, Winnebago",cboutelle@inspiresheboygancounty.org,,cboutelle@inspiresheboygancounty.org
Test Middle School,Middle School,Full Service,CALUMET,"Calumet, Dodge, Fond Du Lac, Green Lake, Langlade, Lincoln, Marathon, Manitowoc, Oneida, Outagamie, Ozaukee, Portage, Shawano, Sheboygan, Taylor, Vilas, Washington, Waupaca, Waushara, Winnebago",,,
Three Lakes High School,High School,Full Service ,ONEIDA,"Langlade, Lincoln, Marathon, Oneida",rbock@threelakessd.k12.wi.us,https://www.formstack.com/admin/submission/report/36334334?share=2IpkkTUaqU,"bholbrook@cesa9.org, vbrooks@cesa9.org"
Three Lakes Jr High,Middle School,Full Service ,ONEIDA,"Langlade, Lincoln, Marathon, Oneida",rbock@threelakessd.k12.wi.us,https://www.formstack.com/admin/submission/report/36334334?share=2IpkkTUaqU,"bholbrook@cesa9.org, vbrooks@cesa9.org"
TJ Middle School - Port Washington,Middle School,Full Service,OZAUKEE,"Sheboygan, Ozaukee",,https://www.formstack.com/admin/submission/report/30333589?share=Ao2xY9pNR3,mmotiska@inspiresheboygancounty.org
Two Rivers High School,High School,Full Service,MANITOWOC,"Brown, Calumet, Dodge, Fond Du Lac, Green Lake, Manitowoc, Outagamie, Ozaukee, Sheboygan, Washington, Winnebago",lisa.klein@trschools.k12.wi.us,https://www.formstack.com/admin/submission/report/30333338?share=Tu71tjF1e1,"jschwoerer@cesa6.org, mstolp@cesa6.org"
Union Grove UHS School District,"High School, Middle School",M7-Educator,Racine,Racine,,https://www.formstack.com/admin/submission/report/43878261?share=udVUtZ93LC,inspirem7@cesa1.k12.wi.us
University of Wisconsin - Green Bay,College/Post-Secondary,Full Service,BROWN,"Brown, Calumet, Manitowoc, Marinette, Outagamie, Shawano, Sheboygan, Winnebago",,https://www.formstack.com/admin/submission/report/43498655?share=J5cPxwJ12S,mmotiska@inspiresheboygancounty.org
Urban Middle School - Sheboygan,Middle School,Full Service,SHEBOYGAN,Sheboygan,,https://www.formstack.com/admin/submission/report/30333013?share=8h7e6cMOa0,mmotiska@inspiresheboygancounty.org
UWGB - Manitowoc,College/Post-Secondary,Full Service,MANITOWOC,"Brown, Outagamie, Sheboygan, Manitowoc, Ozaukee, Calumet, Fond du Lac, Ozaukee",,https://www.formstack.com/admin/submission/report/43498619?share=XUkNSjWbDW,mmotiska@inspiresheboygancounty.org
UWGB - Marinette,College/Post-Secondary,Full Service,MARINETTE,"Brown, Calumet, Manitowoc, Marinette, Outagamie, Shawano",,https://www.formstack.com/admin/submission/report/43498632?share=BjF8i1B2oR,mmotiska@inspiresheboygancounty.org
UWGB - Sheboygan,College/Post-Secondary,Full Service,SHEBOYGAN,"Sheboygan, Manitowoc, Ozaukee, Calumet",,https://www.formstack.com/admin/submission/report/30333744?share=2amDRjPTFl,mmotiska@inspiresheboygancounty.org
Valders High School,High School,Full Service,MANITOWOC,"Brown, Calumet, Dodge, Fond Du Lac, Green Lake, Manitowoc, Outagamie, Ozaukee, Sheboygan, Washington, Winnebago",jmcculley@valders.k12.wi.us,https://www.formstack.com/admin/submission/report/30333746?share=SZIzql6zzu,mstolp@cesa6.org
Valders Middle School,Middle School,Virtual,MANITOWOC,,,https://www.formstack.com/admin/submission/report/30333746?share=SZIzql6zzu,mstolp@cesa6.org
Wabeno High School,High School,Virtual,,,mrocole@wabeno.k12.wi.us,https://www.formstack.com/admin/submission/report/36334369?share=friBjucXpl,"bholbrook@cesa9.org, vbrooks@cesa9.org"
Washington Middle School - Manitowoc,Middle School,Virtual,MANITOWOC,,,https://www.formstack.com/admin/submission/report/30333362?share=SEjunzjZF2,mstolp@cesa6.org
Waterford UHS School District,"High School, Middle School",M7-Educator,Racine,Racine,,https://www.formstack.com/admin/submission/report/43878339?share=FY1gFcfXfJ,inspirem7@cesa1.k12.wi.us
Waukesha School District,"High School, Middle School",M7-Educator,Waukesha,Waukesha,,https://www.formstack.com/admin/submission/report/43878351?share=pchHhXbemS,inspirem7@cesa1.k12.wi.us
Waupaca High School,High School,Full Service,WAUPACA,"Waupaca, Outagamie, Waushara, Winnebago, Portage",jkosobucki@waupacaschools.org,https://www.formstack.com/admin/submission/report/37080003?share=gbo4zr4ezq,Inspire@waupacaareachamber.com
Waupaca Middle School,Middle School,Full Service,WAUPACA,"Waupaca, Outagamie, Waushara, Winnebago, Portage","dbiba@waupacaschools.org,jkosobucki@waupacaschools.org,sthomaschefsky@waupacaschools.org",https://www.formstack.com/admin/submission/report/37080003?share=gbo4zr4ezq,Inspire@waupacaareachamber.com
Waupun High School ,High School,Full Service,DODGE,"Brown, Calumet, Columbia, Dodge, Fond Du Lac, Green Lake, Manitowoc, Outagamie, Ozaukee, Sheboygan, Washington, Winnebago",,https://www.formstack.com/admin/submission/report/37000106?share=mMZ0FaDx64,"mstolp@cesa6.org, rdroesslermersch@cesa6.org"
Wausau East High School,High School,Full Service ,MARATHON,"Langlade, Lincoln, Marathon, Oneida, Shawano","jrauscher@wausauschools.org,jwinter@wausauschools.org ",https://www.formstack.com/admin/submission/report/36334233?share=iZcKqfE7fC,"bholbrook@cesa9.org, vbrooks@cesa9.org"
Wausau West High School,High School,Full Service ,MARATHON,"Langlade, Lincoln, Marathon, Oneida, Shawano","jrauscher@wausauschools.org,jwinter@wausauschools.org ",https://www.formstack.com/admin/submission/report/36334233?share=iZcKqfE7fC,"bholbrook@cesa9.org, vbrooks@cesa9.org"
Wautoma High School,High School,Full Service,WAUSHARA,"Waushara, Waupaca, Green Lake, Portage","marshallzoellnerb@wautoma.k12.wi.us, kruegerb@wautoma.k12.wi.us",https://www.formstack.com/admin/submission/report/43014365?share=5MunrDG6Hm,Inspire@waupacaareachamber.com
Wautoma Middle School,Middle School,Full Service,WAUSHARA,"Waushara, Waupaca, Green Lake, Portage",steltert@wautoma.k12.wi.us,https://www.formstack.com/admin/submission/report/43014365?share=5MunrDG6Hm,Inspire@waupacaareachamber.com
Wauwatosa School District,"High School, Middle School",M7-Educator,Milwaukee,Milwaukee,,https://www.formstack.com/admin/submission/report/43878351?share=pchHhXbemS,inspirem7@cesa1.k12.wi.us
West Allis School District,"High School, Middle School",M7-Educator,Milwaukee,Milwaukee,,https://www.formstack.com/admin/submission/report/43878353?share=u7LWWtJr7q,inspirem7@cesa1.k12.wi.us
West Bend School District,"High School, Middle School",M7-Educator,Washington M7,Washington M7,,https://www.formstack.com/admin/submission/report/43878376?share=89qUezO4aY,inspirem7@cesa1.k12.wi.us
Weyauwega-Fremont High School,High School,Full Service,WAUPACA,"Waupaca, Outagamie, Waushara, Winnebago, Portage","jalix@wfsd.k12.wi.us,cpeterson@wfsd.k12.wi.us,jgardner@wfsd.k12.wi.us",https://www.formstack.com/admin/submission/report/38322065?share=F9TKyk35pZ,Inspire@waupacaareachamber.com
Weyauwega-Fremont Middle School,Middle School,Full Service,WAUPACA,"Waupaca, Outagamie, Waushara, Winnebago, Portage","jalix@wfsd.k12.wi.us,cpeterson@wfsd.k12.wi.us,jgardner@wfsd.k12.wi.us",https://www.formstack.com/admin/submission/report/38322065?share=F9TKyk35pZ,Inspire@waupacaareachamber.com
Whitefish Bay School District,"High School, Middle School",M7-Educator,Milwaukee,Milwaukee,,https://www.formstack.com/admin/submission/report/43878388?share=MXz5DxYDTO,inspirem7@cesa1.k12.wi.us
Whitewater Unified district,"High School, Middle School",M7-Educator,Walworth,Walworth,,https://www.formstack.com/admin/submission/report/43878389?share=9xLO5U4CvM,inspirem7@cesa1.k12.wi.us
Whitnall School District,"High School, Middle School",M7-Educator,Milwaukee,Milwaukee,,https://www.formstack.com/admin/submission/report/43878401?share=SLPmcj10fU,inspirem7@cesa1.k12.wi.us
Wild Rose Middle/High School,"High School, Middle School",Full Service,WAUSHARA,"Green Lake, Outagamie, Portage, Waupaca, Waushara, Winnebago","ramichb@wildroseschools.org, clarkd@wildroseschools.org",https://www.formstack.com/admin/submission/report/42722037?share=MCTFGypYtI,inspire@waupacaareachamber.com
Williams Bay School District,"High School, Middle School",M7-Educator,Walworth,Walworth,,https://www.formstack.com/admin/submission/report/43878414?share=JcQPgBvcaH,inspirem7@cesa1.k12.wi.us
Wilmot UHS School District,"High School, Middle School",M7-Educator,Kenosha,Kenosha,,https://www.formstack.com/admin/submission/report/43878415?share=p3gurAwUZ1,inspirem7@cesa1.k12.wi.us
Wilson Middle School - Manitowoc,Middle School,Virtual,MANITOWOC,,,https://www.formstack.com/admin/submission/report/30333362?share=SEjunzjZF2,mstolp@cesa6.org
Winnebago Lutheran Academy,High School,Full Service,FOND DU LAC,"Calumet, Dodge, Fond du Lac, Green Lake, Sheboygan, Winnebago",,https://www.formstack.com/admin/submission/report/42896766?share=UgkQDfHq3Z,"mstolp@cesa6.org, rdroesslermersch@cesa6.org"
Winneconne High School,High School,Full Service,WINNEBAGO,"Brown, Calumet, Dodge, Fond Du Lac, Green Lake, Manitowoc, Outagamie, Ozaukee, Sheboygan, Washington, Winnebago",larsona@w-csd.org,https://www.formstack.com/admin/submission/report/30333784?share=qYcvWoiWn9,"mstolp@cesa6.org, rdroesslermersch@cesa6.org"
Winneconne Middle School,Middle School,Virtual,WINNEBAGO,,larsona@w-csd.org,https://www.formstack.com/admin/submission/report/30333784?share=qYcvWoiWn9,"mstolp@cesa6.org, rdroesslermersch@cesa6.org"